﻿artist_name;city;state;country;website
Cattle Decapitation;San Diego;California;United States;https://www.cattledecapitation.com
Obscura;Landshut;Landshut;Germany;https://www.realmofobscura.com
Batushka;Białystok;Białystok;Poland;http://xn--80aab1b0bxb3b.pl/
Fleshgod Apocalypse;Perugia;Perugia;Italy;https://www.fleshgodapocalypse.com
Mgła;Kraków;Kraków;Poland;https://www.no-solace.com/mgla.html
TOOL;Los Angeles;California;United States;https://www.toolband.com
Gojira;Bayonne;Bayonne;France;https://gojira-music.com
Katatonia;Stockholm;Stockholm;Sweden;https://www.katatonia.com
Be'lakor;Melbourne;Melbourne;Australia;https://www.belakorband.com
Behemoth;Gdańsk;Gdańsk;Poland;https://www.behemoth.pl
Swallow The Sun;Jyväskylä;Jyväskylä;Finland;https://www.swallowthesun.net
The KVB;London;London;United Kingdom;https://thekvb.co.uk
Inferi;Nashville;Tennessee;United States;https://inferi.bandcamp.com
Ne Obliviscaris;Melbourne;Victoria;Australia;https://neobliviscaris.bandcamp.com
Beyond Creation;Montreal;Quebec;Canada;https://www.beyondcreationofficial.com
Animals As Leaders;Washington;D.C.;United States;https://www.animalsasleaders.org
Aborted;Waregem;Waregem;Belgium;https://www.goremageddon.be
Jinjer;Donetsk;Donetsk;Ukraine;https://www.jinjer-metal.com
Rings of Saturn;Bay Area;California;United States;https://en.wikipedia.org/wiki/Rings_of_Saturn_(band)
Harakiri for the Sky;Vienna and Salzburg;Vienna and Salzburg;Austria;https://en.wikipedia.org/wiki/Harakiri_for_the_Sky
Dagoba;Marseille;Marseille;France;https://web.archive.org/web/20070315021644/http://www.antitheses.org/dagoba/
Long Distance Calling;Münster;Münster;Germany;https://www.longdistancecalling.de
Whitechapel;Knoxville;Tennessee;United States;https://www.whitechapelband.com
A Perfect Circle;Los Angeles;California;United States;https://www.aperfectcircle.com
Satyricon;Oslo;Oslo;Norway;https://www.satyricon.no
Alcest;Bagnols-sur-Cèze;Bagnols-sur-Cèze;France;https://www.alcest-music.com
Ghost;Linköping;Linköping;Sweden;https://www.ghost-official.com
Amon Amarth;Tumba;Tumba;Sweden;https://www.amonamarth.com
Archspire;Vancouver;British Columbia;Canada;https://archspire.bandcamp.com
In Mourning;Vansbro;Vansbro;Sweden;https://en.wikipedia.org/wiki/In_Mourning_(band)
Alestorm;Perth;Perth;Scotland;https://www.alestorm.net
Lamb of God;Richmond;Virginia;United States;https://www.lamb-of-god.com
Mors Principium Est;Pori;Pori;Finland;http://www.morsprincipiumest.com
Bloodbath;Stockholm;Stockholm;Sweden;https://www.bloodbath.biz
Necrophobic;Stockholm;Stockholm;Sweden;https://www.necrophobic.net/
Painted Black;Braga;Braga;Portugal;https://www.painted-black.org
Amenra;Kortrijk;West Flanders;Belgium;https://www.churchofra.com
Cult Leader;Salt Lake City;Utah;United States;https://www.cultleadermusic.tumblr.com
Rivers of Nihil;Reading;Pennsylvania;United States;https://www.metalblade.com/riversofnihil/
Blood Incantation;Denver;Colorado;United States;https://bloodincantation.bandcamp.com
Peste & Sida;Lisbon;Lisbon;Portugal;https://pt.wikipedia.org › wiki › Peste_&_Sida
Belzebubs;San Diego;California;United States;https://belzebubs.com
Gaerea;Porto;Porto;Portugal;https://gaerea.bandcamp.com
Shadow of Intent;Connecticut;Connecticut;United States;https://www.metal-archives.com/bands/shadow_of_intent/3540383526
Chico da Tina;Viana do Castelo;Viana do Castelo;Portugal;https://chicodatina.bandcamp.com/
Enblood;Lisbon;Lisbon;Portugal;https://enblood.com
Letters From the Colony;Borlänge;Borlänge;Sweden;https://www.nuclearblast.de/en/label/music/band/about/4884816.letters-from-the-colony.html
Vltimas;Lisbon;Lisbon;Portugal;https://www.metal-archives.com › bands › Vltimas
Fractal Gates;Paris;Paris;France;https://fractalgates.bandcamp.com
Analepsy;Porto;Porto;Portugal;https://analepsy.bandcamp.com
